title,category
Comprendre facilement le sommeil étudiant,Méthodes d’étude & productivité
Techniques modernes pour étudier l’analyse financière,Réussite aux examens
Approche pratique de la concentration,Conseils par matières
Optimiser sa réussite en la lecture académique,Orientation universitaire & carrière
Approche pratique de les présentations orales,Vie universitaire & bien-être
Introduction pratique à les statistiques,"Travaux, présentations & études de cas"
Secrets pour réussir en la microéconomie,Outils & technologie
Comment maîtriser les présentations orales,Méthodes d’étude & productivité
Méthode simple pour apprendre l’organisation personnelle,Réussite aux examens
Méthode simple pour apprendre la méthodologie universitaire,Conseils par matières
Secrets pour réussir en la réduction du stress,Orientation universitaire & carrière
Stratégies efficaces pour progresser la réduction du stress,Vie universitaire & bien-être
Secrets pour réussir en la compréhension des textes complexes,"Travaux, présentations & études de cas"
Méthode rapide pour l’organisation personnelle,Outils & technologie
Comment s’améliorer en la résolution de problèmes,Méthodes d’étude & productivité
Comprendre facilement la gestion du temps,Réussite aux examens
Introduction pratique à la résolution de problèmes,Conseils par matières
Approche pratique de la prise de notes,Orientation universitaire & carrière
Méthode simple pour apprendre la planification de session,Vie universitaire & bien-être
Approche pratique de le sommeil étudiant,"Travaux, présentations & études de cas"
Comment s’améliorer en Notion,Outils & technologie
Comment développer ses compétences en les projets de groupe,Méthodes d’étude & productivité
Techniques modernes pour étudier la comptabilité,Réussite aux examens
Méthode simple pour apprendre le raisonnement logique,Conseils par matières
Techniques modernes pour étudier la résolution de problèmes,Orientation universitaire & carrière
Méthode simple pour apprendre la réduction du stress,Vie universitaire & bien-être
Stratégies efficaces pour progresser les stratégies d’examen,"Travaux, présentations & études de cas"
Méthode rapide pour le sommeil étudiant,Outils & technologie
Méthode simple pour apprendre les présentations orales,Méthodes d’étude & productivité
Techniques modernes pour étudier le marketing,Réussite aux examens
Comment développer ses compétences en les examens difficiles,Conseils par matières
Comment développer ses compétences en la finance de base,Orientation universitaire & carrière
Comment s’améliorer en la planification de session,Vie universitaire & bien-être
Stratégies efficaces pour progresser la mémorisation active,"Travaux, présentations & études de cas"
Comment développer ses compétences en le management,Outils & technologie
Approche pratique de la méthodologie universitaire,Méthodes d’étude & productivité
Méthode rapide pour la gestion du temps,Réussite aux examens
Méthode simple pour apprendre la concentration,Conseils par matières
Stratégies efficaces pour progresser la lecture académique,Orientation universitaire & carrière
Secrets pour réussir en l’analyse financière,Vie universitaire & bien-être
Comment maîtriser la concentration,"Travaux, présentations & études de cas"
Secrets pour réussir en Excel,Outils & technologie
Stratégies efficaces pour progresser Notion,Méthodes d’étude & productivité
Techniques avancées pour réussir la lecture académique,Réussite aux examens
Stratégies efficaces pour progresser la compréhension des textes complexes,Conseils par matières
Secrets pour réussir en le sommeil étudiant,Orientation universitaire & carrière
Comment maîtriser Excel,Vie universitaire & bien-être
Techniques modernes pour étudier la méthodologie universitaire,"Travaux, présentations & études de cas"
Comprendre facilement les révisions,Outils & technologie
Techniques avancées pour réussir le marketing,Méthodes d’étude & productivité
Comment développer ses compétences en l’étude des matières difficiles,Réussite aux examens
Techniques modernes pour étudier les examens difficiles,Conseils par matières
Techniques avancées pour réussir la concentration,Orientation universitaire & carrière
Erreurs courantes à éviter en Excel,Vie universitaire & bien-être
Comment s’améliorer en les examens difficiles,"Travaux, présentations & études de cas"
Guide complet pour comprendre les études de cas,Outils & technologie
Techniques avancées pour réussir la motivation,Méthodes d’étude & productivité
Stratégies efficaces pour progresser les révisions,Réussite aux examens
Comprendre facilement les études de cas,Conseils par matières
Comment maîtriser Notion,Orientation universitaire & carrière
Techniques modernes pour étudier les stratégies d’examen,Vie universitaire & bien-être
Comprendre facilement les projets de groupe,"Travaux, présentations & études de cas"
Comment développer ses compétences en la compréhension des textes complexes,Outils & technologie
Comprendre facilement la réduction du stress,Méthodes d’étude & productivité
Introduction pratique à les études de cas,Réussite aux examens
Comprendre facilement la compréhension des textes complexes,Conseils par matières
Secrets pour réussir en les projets de groupe,Orientation universitaire & carrière
Erreurs courantes à éviter en le marketing,Vie universitaire & bien-être
Erreurs courantes à éviter en la gestion du temps,"Travaux, présentations & études de cas"
Guide complet pour comprendre la mémorisation active,Outils & technologie
Stratégies efficaces pour progresser le raisonnement logique,Méthodes d’étude & productivité
Méthode simple pour apprendre la motivation,Réussite aux examens
Comprendre facilement la motivation,Conseils par matières
Bases essentielles de Excel,Orientation universitaire & carrière
Approche pratique de Notion,Vie universitaire & bien-être
Stratégies efficaces pour progresser l’analyse financière,"Travaux, présentations & études de cas"
Comment maîtriser la prise de notes,Outils & technologie
Comment maîtriser la gestion du temps,Méthodes d’étude & productivité
Introduction pratique à les présentations orales,Réussite aux examens
Optimiser sa réussite en le sommeil étudiant,Conseils par matières
Guide complet pour comprendre les stratégies d’examen,Orientation universitaire & carrière
Bases essentielles de le sommeil étudiant,Vie universitaire & bien-être
Optimiser sa réussite en l’organisation personnelle,"Travaux, présentations & études de cas"
Bases essentielles de les présentations orales,Outils & technologie
Comprendre facilement la résolution de problèmes,Méthodes d’étude & productivité
Secrets pour réussir en la mémorisation active,Réussite aux examens
Guide complet pour comprendre la comptabilité,Conseils par matières
Méthode simple pour apprendre la prise de notes,Orientation universitaire & carrière
Comment maîtriser la motivation,Vie universitaire & bien-être
Techniques avancées pour réussir le management,"Travaux, présentations & études de cas"
Méthode rapide pour la prise de notes,Outils & technologie
Méthode simple pour apprendre les révisions,Méthodes d’étude & productivité
Erreurs courantes à éviter en Notion,Réussite aux examens
Comprendre facilement la mémorisation active,Conseils par matières
Comment maîtriser les projets de groupe,Orientation universitaire & carrière
Erreurs courantes à éviter en l’étude des matières difficiles,Vie universitaire & bien-être
Techniques avancées pour réussir la résolution de problèmes,"Travaux, présentations & études de cas"
Techniques modernes pour étudier la lecture académique,Outils & technologie
Introduction pratique à la comptabilité,Méthodes d’étude & productivité
Méthode simple pour apprendre le management,Réussite aux examens
Optimiser sa réussite en le raisonnement logique,Conseils par matières
Méthode rapide pour l’étude des matières difficiles,Orientation universitaire & carrière
Méthode rapide pour la méthodologie universitaire,Vie universitaire & bien-être
Comment maîtriser les stratégies d’examen,"Travaux, présentations & études de cas"
Approche pratique de la microéconomie,Outils & technologie
Techniques modernes pour étudier Excel,Méthodes d’étude & productivité
Techniques avancées pour réussir la comptabilité,Réussite aux examens
Comprendre facilement la lecture académique,Conseils par matières
Stratégies efficaces pour progresser les présentations orales,Orientation universitaire & carrière
Comment s’améliorer en la réduction du stress,Vie universitaire & bien-être
Stratégies efficaces pour progresser la prise de notes,"Travaux, présentations & études de cas"
Techniques avancées pour réussir l’analyse financière,Outils & technologie
Erreurs courantes à éviter en la comptabilité,Méthodes d’étude & productivité
Optimiser sa réussite en les stratégies d’examen,Réussite aux examens
Guide complet pour comprendre la finance de base,Conseils par matières
Approche pratique de la planification de session,Orientation universitaire & carrière
Optimiser sa réussite en la planification de session,Vie universitaire & bien-être
Optimiser sa réussite en la résolution de problèmes,"Travaux, présentations & études de cas"
Bases essentielles de les statistiques,Outils & technologie
Guide complet pour comprendre les révisions,Méthodes d’étude & productivité
Secrets pour réussir en les révisions,Réussite aux examens
Comment maîtriser la lecture académique,Conseils par matières
Méthode simple pour apprendre les stratégies d’examen,Orientation universitaire & carrière
Approche pratique de l’étude des matières difficiles,Vie universitaire & bien-être
Méthode simple pour apprendre les statistiques,"Travaux, présentations & études de cas"
Optimiser sa réussite en les études de cas,Outils & technologie
Méthode simple pour apprendre l’analyse financière,Méthodes d’étude & productivité
Techniques avancées pour réussir la prise de notes,Réussite aux examens
Erreurs courantes à éviter en les stratégies d’examen,Conseils par matières
Méthode rapide pour le marketing,Orientation universitaire & carrière
Comprendre facilement la microéconomie,Vie universitaire & bien-être
Méthode simple pour apprendre la microéconomie,"Travaux, présentations & études de cas"
Comment s’améliorer en les études de cas,Outils & technologie
Comment maîtriser les examens difficiles,Méthodes d’étude & productivité
Bases essentielles de l’organisation personnelle,Réussite aux examens
Bases essentielles de les révisions,Conseils par matières
Bases essentielles de la gestion du temps,Orientation universitaire & carrière
Approche pratique de les examens difficiles,Vie universitaire & bien-être
Introduction pratique à la motivation,"Travaux, présentations & études de cas"
Techniques modernes pour étudier les présentations orales,Outils & technologie
Méthode rapide pour la microéconomie,Méthodes d’étude & productivité
Introduction pratique à la microéconomie,Réussite aux examens
Erreurs courantes à éviter en les projets de groupe,Conseils par matières
Erreurs courantes à éviter en la mémorisation active,Orientation universitaire & carrière
Techniques modernes pour étudier la motivation,Vie universitaire & bien-être
Approche pratique de les statistiques,"Travaux, présentations & études de cas"
Erreurs courantes à éviter en le raisonnement logique,Outils & technologie
Bases essentielles de la mémorisation active,Méthodes d’étude & productivité
Bases essentielles de la comptabilité,Réussite aux examens
Comment maîtriser la finance de base,Conseils par matières
Comprendre facilement la méthodologie universitaire,Orientation universitaire & carrière
Guide complet pour comprendre la compréhension des textes complexes,Vie universitaire & bien-être
Guide complet pour comprendre l’étude des matières difficiles,"Travaux, présentations & études de cas"
Approche pratique de la mémorisation active,Outils & technologie
Optimiser sa réussite en la microéconomie,Méthodes d’étude & productivité
Comment s’améliorer en les présentations orales,Réussite aux examens
Stratégies efficaces pour progresser la résolution de problèmes,Conseils par matières
Comment s’améliorer en les révisions,Orientation universitaire & carrière
Bases essentielles de la microéconomie,Vie universitaire & bien-être
Comment maîtriser la réduction du stress,"Travaux, présentations & études de cas"
Stratégies efficaces pour progresser l’organisation personnelle,Outils & technologie
Erreurs courantes à éviter en les études de cas,Méthodes d’étude & productivité
Stratégies efficaces pour progresser la motivation,Réussite aux examens
Introduction pratique à l’étude des matières difficiles,Conseils par matières
Méthode rapide pour le management,Orientation universitaire & carrière
Stratégies efficaces pour progresser la concentration,Vie universitaire & bien-être
Optimiser sa réussite en la comptabilité,"Travaux, présentations & études de cas"
Erreurs courantes à éviter en les présentations orales,Outils & technologie
Erreurs courantes à éviter en les statistiques,Méthodes d’étude & productivité
Techniques avancées pour réussir l’étude des matières difficiles,Réussite aux examens
Guide complet pour comprendre les présentations orales,Conseils par matières
Méthode simple pour apprendre l’étude des matières difficiles,Orientation universitaire & carrière
Bases essentielles de la prise de notes,Vie universitaire & bien-être
Comprendre facilement la concentration,"Travaux, présentations & études de cas"
Techniques modernes pour étudier Notion,Outils & technologie
Techniques avancées pour réussir Excel,Méthodes d’étude & productivité
Optimiser sa réussite en la concentration,Réussite aux examens
Optimiser sa réussite en la compréhension des textes complexes,Conseils par matières
Techniques modernes pour étudier la mémorisation active,Orientation universitaire & carrière
Comment maîtriser la microéconomie,Vie universitaire & bien-être
Techniques modernes pour étudier la gestion du temps,"Travaux, présentations & études de cas"
Méthode rapide pour la réduction du stress,Outils & technologie
Bases essentielles de la lecture académique,Méthodes d’étude & productivité
Guide complet pour comprendre la planification de session,Réussite aux examens
Stratégies efficaces pour progresser la comptabilité,Conseils par matières
Comment s’améliorer en la prise de notes,Orientation universitaire & carrière
Introduction pratique à le marketing,Vie universitaire & bien-être
Comment s’améliorer en la comptabilité,"Travaux, présentations & études de cas"
Bases essentielles de la réduction du stress,Outils & technologie
Introduction pratique à la méthodologie universitaire,Méthodes d’étude & productivité
Bases essentielles de la finance de base,Réussite aux examens
Techniques modernes pour étudier le sommeil étudiant,Conseils par matières
Optimiser sa réussite en le management,Orientation universitaire & carrière
Comprendre facilement l’étude des matières difficiles,Vie universitaire & bien-être
Comment développer ses compétences en la concentration,"Travaux, présentations & études de cas"
Comment développer ses compétences en la mémorisation active,Outils & technologie
Guide complet pour comprendre l’organisation personnelle,Méthodes d’étude & productivité
Bases essentielles de les projets de groupe,Réussite aux examens
Comment s’améliorer en la gestion du temps,Conseils par matières
Comment maîtriser l’analyse financière,Orientation universitaire & carrière
Erreurs courantes à éviter en la planification de session,Vie universitaire & bien-être
Méthode rapide pour la lecture académique,"Travaux, présentations & études de cas"
Approche pratique de la motivation,Outils & technologie
Techniques avancées pour réussir la compréhension des textes complexes,Méthodes d’étude & productivité
Approche pratique de les études de cas,Réussite aux examens
Secrets pour réussir en la méthodologie universitaire,Conseils par matières
Comprendre facilement la comptabilité,Orientation universitaire & carrière
Comment développer ses compétences en Notion,Vie universitaire & bien-être
Comment s’améliorer en le raisonnement logique,"Travaux, présentations & études de cas"
Méthode rapide pour la comptabilité,Outils & technologie
Erreurs courantes à éviter en la motivation,Méthodes d’étude & productivité
Comment s’améliorer en Excel,Réussite aux examens
Comment s’améliorer en la méthodologie universitaire,Conseils par matières
Secrets pour réussir en l’organisation personnelle,Orientation universitaire & carrière
Méthode rapide pour les stratégies d’examen,Vie universitaire & bien-être
Stratégies efficaces pour progresser le management,"Travaux, présentations & études de cas"
Techniques modernes pour étudier la compréhension des textes complexes,Outils & technologie
Erreurs courantes à éviter en la compréhension des textes complexes,Méthodes d’étude & productivité
Méthode rapide pour la finance de base,Réussite aux examens
Comment développer ses compétences en la gestion du temps,Conseils par matières
Bases essentielles de la concentration,Orientation universitaire & carrière
Techniques modernes pour étudier la prise de notes,Vie universitaire & bien-être
Introduction pratique à la mémorisation active,"Travaux, présentations & études de cas"
Approche pratique de Excel,Outils & technologie
Approche pratique de la finance de base,Méthodes d’étude & productivité
Comment développer ses compétences en la méthodologie universitaire,Réussite aux examens
Techniques avancées pour réussir le raisonnement logique,Conseils par matières
Comment maîtriser les études de cas,Orientation universitaire & carrière
Comment développer ses compétences en la résolution de problèmes,Vie universitaire & bien-être
Stratégies efficaces pour progresser la planification de session,"Travaux, présentations & études de cas"
Secrets pour réussir en l’étude des matières difficiles,Outils & technologie
Comment s’améliorer en la motivation,Méthodes d’étude & productivité
Secrets pour réussir en le marketing,Réussite aux examens
Méthode rapide pour le raisonnement logique,Conseils par matières
Comprendre facilement la finance de base,Orientation universitaire & carrière
Méthode rapide pour la concentration,Vie universitaire & bien-être
Techniques avancées pour réussir la planification de session,"Travaux, présentations & études de cas"
Comment développer ses compétences en la microéconomie,Outils & technologie
Optimiser sa réussite en la mémorisation active,Méthodes d’étude & productivité
Techniques avancées pour réussir Notion,Réussite aux examens
Introduction pratique à la réduction du stress,Conseils par matières
Comprendre facilement le management,Orientation universitaire & carrière
Comment s’améliorer en la mémorisation active,Vie universitaire & bien-être
Bases essentielles de le marketing,"Travaux, présentations & études de cas"
Comment s’améliorer en la concentration,Outils & technologie
Approche pratique de les révisions,Méthodes d’étude & productivité
Guide complet pour comprendre la gestion du temps,Réussite aux examens
Comprendre facilement le marketing,Conseils par matières
Approche pratique de le management,Orientation universitaire & carrière
Optimiser sa réussite en le marketing,Vie universitaire & bien-être
